{"mean":{"confidence_interval":{"confidence_level":0.95,"lower_bound":13253107.857923908,"upper_bound":13312934.46021739},"point_estimate":13282297.992608692,"standard_error":15238.646124095725},"median":{"confidence_interval":{"confidence_level":0.95,"lower_bound":13202392.130434781,"upper_bound":13269826.695652174},"point_estimate":13241216.804347826,"standard_error":14883.919065132177},"median_abs_dev":{"confidence_interval":{"confidence_level":0.95,"lower_bound":84431.81237060031,"upper_bound":146969.20070816556},"point_estimate":110616.20388834397,"standard_error":15233.324262324137},"slope":null,"std_dev":{"confidence_interval":{"confidence_level":0.95,"lower_bound":127507.61599653064,"upper_bound":174758.1751626393},"point_estimate":153637.95974974587,"standard_error":12077.607509131534}}