{"mean":{"confidence_interval":{"confidence_level":0.95,"lower_bound":13132128.921239134,"upper_bound":13170526.990891315},"point_estimate":13150550.949130433,"standard_error":9787.561678479915},"median":{"confidence_interval":{"confidence_level":0.95,"lower_bound":13110716.086956521,"upper_bound":13142846.978260871},"point_estimate":13129984.521739129,"standard_error":8856.610314559968},"median_abs_dev":{"confidence_interval":{"confidence_level":0.95,"lower_bound":42973.41808054824,"upper_bound":77518.21905149394},"point_estimate":59531.77142570794,"standard_error":8595.146943062742},"slope":null,"std_dev":{"confidence_interval":{"confidence_level":0.95,"lower_bound":75289.05733690024,"upper_bound":118724.37216624628},"point_estimate":98696.03278256935,"standard_error":11080.140161735817}}