{"mean":{"confidence_interval":{"confidence_level":0.95,"lower_bound":29845292.996000018,"upper_bound":29905934.223425005},"point_estimate":29875725.153,"standard_error":15487.407268582316},"median":{"confidence_interval":{"confidence_level":0.95,"lower_bound":29878459.9,"upper_bound":29924168.549999997},"point_estimate":29892413.15,"standard_error":14775.19807585238},"median_abs_dev":{"confidence_interval":{"confidence_level":0.95,"lower_bound":81090.43491035976,"upper_bound":147651.98311865662},"point_estimate":116140.06197809952,"standard_error":17237.754229285703},"slope":null,"std_dev":{"confidence_interval":{"confidence_level":0.95,"lower_bound":126231.89202241373,"upper_bound":183551.1828289594},"point_estimate":155814.4031860253,"standard_error":14605.74604617686}}