{"mean":{"confidence_interval":{"confidence_level":0.95,"lower_bound":30064828.272159085,"upper_bound":30225855.0738409},"point_estimate":30142104.919090915,"standard_error":41278.157749703445},"median":{"confidence_interval":{"confidence_level":0.95,"lower_bound":29976226.18181818,"upper_bound":30087950.09090909},"point_estimate":30021238.954545453,"standard_error":29228.180020257958},"median_abs_dev":{"confidence_interval":{"confidence_level":0.95,"lower_bound":182154.9957933746,"upper_bound":310385.54093796614},"point_estimate":246901.34968025816,"standard_error":33316.35260019},"slope":null,"std_dev":{"confidence_interval":{"confidence_level":0.95,"lower_bound":320559.8894644318,"upper_bound":497381.21810347226},"point_estimate":415999.17741816933,"standard_error":45000.408463350184}}